,titleType,primaryTitle,originalTitle,isAdult,startYear,endYear,runtimeMinutes,genres
0,movie,Na Boca da Noite,Na Boca da Noite,0,2016,\N,68,Drama
1,short,Miedzy Wroclawiem a Zielona G√≥ra,Miedzy Wroclawiem a Zielona G√≥ra,0,2010,\N,11,"Documentary,Short"
2,movie,The Other Side of the Wind,The Other Side of the Wind,0,2018,\N,122,"Comedy,Drama"
3,movie,Chief Zabu,Chief Zabu,0,2016,\N,74,Comedy
4,movie,The Wandering Soap Opera,La Telenovela Errante,0,2017,\N,80,"Comedy,Drama,Fantasy"
5,movie,Bigfoot,Bigfoot,0,2017,\N,\N,"Horror,Thriller"
6,short,Landscape with the Fall of Icarus,Landscape with the Fall of Icarus,0,2016,\N,26,"Animation,Short"
7,movie,Joe Finds Grace,Joe Finds Grace,0,2017,\N,83,"Adventure,Animation,Comedy"
8,movie,Nema aviona za Zagreb,Nema aviona za Zagreb,0,2012,\N,82,Biography
9,movie,P√°l Adrienn,P√°l Adrienn,0,2010,\N,136,Drama
10,movie,So Much for Justice!,Oda az igazs√°g,0,2010,\N,100,History
11,movie,Cooper and Hemingway: The True Gen,Cooper and Hemingway: The True Gen,0,2013,\N,180,Documentary
12,movie,Children of the Green Dragon,A z√∂ld s√°rk√°ny gyermekei,0,2010,\N,89,Drama
13,short,Le sacre d'automne,Le sacre d'automne,0,2014,\N,27,"Drama,Short"
14,tvSeries,Edinburgh Nights,Edinburgh Nights,0,2014,\N,29,\N
15,movie,T.G.M. - osvoboditel,T.G.M. - osvoboditel,0,2018,\N,60,Documentary
16,movie,The Tragedy of Man,Az ember trag√©di√°ja,0,2011,\N,160,"Animation,Drama,History"
17,movie,How Huang Fei-hong Rescued the Orphan from the Tiger's Den,How Huang Fei-hong Rescued the Orphan from the Tiger's Den,0,2011,\N,\N,\N
18,movie,Bande de cons!,Bande de cons!,0,2018,\N,82,Drama
19,tvSeries,First Take,First Take,0,2017,\N,\N,\N
20,video,Flexing with Monty,Flexing with Monty,0,2010,\N,90,"Comedy,Drama,Horror"
21,movie,Summer of the Moonlight Sonata,Gekko no natsu,0,2015,\N,\N,\N
22,movie,Os Monstros de Babaloo,Os Monstros de Babaloo,0,2016,\N,100,Comedy
23,short,To Parsifal,To Parsifal,0,2017,\N,16,Short
24,tvSeries,Counterpoint,Counterpoint,0,2012,\N,\N,\N
25,short,Nadja in Paris,Nadja √† Paris,0,2010,\N,13,Short
26,short,Veronica and Her Dunce,V√©ronique et son cancre,0,2010,\N,18,"Comedy,Short"
27,movie,The Final Journey,The Final Journey,0,2010,\N,120,Drama
28,movie,Los p√°jaros se van con la muerte,Los p√°jaros se van con la muerte,0,2011,\N,110,"Drama,Mystery"
29,movie,Foodfight!,Foodfight!,0,2012,\N,91,"Action,Animation,Comedy"
30,movie,Return to Babylon,Return to Babylon,0,2013,\N,75,"Biography,Comedy,Drama"
31,movie,In Memoriam Alfons Vranckx,Le Saigneur est avec nous,0,2018,\N,90,"Action,Adventure,Comedy"
32,short,Reading Between the Lines,Reading Between the Lines,0,2017,\N,36,"Documentary,Drama,Short"
33,tvSeries,TV2 hjelper deg,TV2 hjelper deg,0,2018,\N,25,\N
34,tvSeries,The Di Palma Forum at UNLV,The Di Palma Forum at UNLV,0,2012,\N,\N,\N
35,video,Ha-Kosem Me'eretz Utz Hamachzemer,Ha-Kosem Me'eretz Utz Hamachzemer,0,2015,\N,58,"Family,Musical"
36,movie,To Chase a Million,To Chase a Million,0,2018,\N,97,"Action,Drama"
37,movie,Short Time Heroes,Kurzzeithelden,0,2015,\N,45,Sci-Fi
38,movie,Life's a Beach,Life's a Beach,0,2012,\N,100,Comedy
39,movie,Dark Blood,Dark Blood,0,2012,\N,86,Thriller
40,movie,Neeyum Naanum,Neeyum Naanum,0,2018,\N,136,\N
41,movie,Snowblind,Snowblind,0,2015,\N,\N,"Crime,Drama"
42,short,Edie: Girl on Fire,Edie: Girl on Fire,0,2010,\N,28,Short
43,tvSeries,Escape with ET,Escape with ET,0,2012,\N,\N,Family
44,tvSeries,James Robison,James Robison,0,2010,\N,30,\N
45,tvSeries,Sta ftera tou erota,Sta ftera tou erota,0,2018,\N,\N,Drama
46,movie,Second Coming,Second Coming,0,2012,\N,95,\N
47,short,Paradjanov: The Color of Armenian Land,Tsvet armyanskoy zemli,0,2012,\N,16,"Documentary,Short"
48,movie,Lives No Longer Ours,Lives No Longer Ours,0,2011,\N,90,"Drama,Romance"
49,movie,Quantum Quest: A Cassini Space Odyssey,Quantum Quest: A Cassini Space Odyssey,0,2010,\N,45,"Adventure,Animation,Sci-Fi"
50,video,Puppetry of the Penis: Live at the Forum,Puppetry of the Penis: Live at the Forum,0,2012,\N,52,Comedy
51,movie,Wazir,Wazir,0,2016,\N,103,"Action,Crime,Drama"
52,movie,The Wicker Tree,The Wicker Tree,0,2011,\N,96,"Drama,Horror"
53,movie,The Overnight,The Overnight,0,2010,\N,88,\N
54,movie,In My Sleep,In My Sleep,0,2010,\N,104,"Drama,Mystery,Thriller"
55,movie,Rice Girl,Rice Girl,0,2014,\N,95,"Adventure,Comedy,Romance"
56,movie,Regret Not Speaking,Regret Not Speaking,0,2011,\N,\N,\N
57,movie,"Tiden √§r en dr√∂m, del 2","Tiden √§r en dr√∂m, del 2",0,2014,\N,109,\N
58,movie,This Wretched Life,This Wretched Life,0,2010,\N,99,"Comedy,Drama"
59,movie,Bunyan and Babe,Bunyan and Babe,0,2017,\N,84,"Adventure,Animation,Comedy"
60,movie,On the Road,On the Road,0,2012,\N,124,"Adventure,Drama,Romance"
61,movie,Blind Sided,Blind Sided,0,2010,\N,\N,"Comedy,Crime,Drama"
62,movie,Chat√¥ - The King of Brazil,Chat√¥: O Rei do Brasil,0,2015,\N,102,Biography
63,movie,The Evil Within,The Evil Within,0,2017,\N,98,Horror
64,tvMovie,The Patchwork Girl of Oz,The Patchwork Girl of Oz,0,2018,\N,\N,"Adventure,Animation,Family"
65,movie,Transe√∫ntes,Transe√∫ntes,0,2015,\N,101,"Comedy,Drama"
66,movie,The Secret Life of Walter Mitty,The Secret Life of Walter Mitty,0,2013,\N,114,"Adventure,Comedy,Drama"
67,movie,Fahrenheit 451,Fahrenheit 451,0,2018,\N,100,"Drama,Sci-Fi,Thriller"
68,videoGame,Duke Nukem Forever,Duke Nukem Forever,0,2011,\N,\N,"Action,Adventure,Comedy"
69,movie,Aman Ke Farishtey,Aman Ke Farishtey,0,2016,\N,137,Action
70,movie,Nappily Ever After,Nappily Ever After,0,2018,\N,\N,"Comedy,Drama,Romance"
71,movie,A Walk Among the Tombstones,A Walk Among the Tombstones,0,2014,\N,114,"Crime,Drama,Mystery"
72,movie,Boy with a Movie Camera,Boy with a Movie Camera,0,2017,\N,\N,Documentary
73,movie,The Promise of Perfume,The Promise of Perfume,0,2017,\N,57,Documentary
74,movie,Jurassic World,Jurassic World,0,2015,\N,124,"Action,Adventure,Sci-Fi"
75,short,Death of a Nation,Death of a Nation,0,2010,\N,26,"Drama,Music,Short"
76,movie,Spy,Spy,0,2011,\N,110,"Action,Crime,Drama"
77,tvMiniSeries,The Pacific,The Pacific,0,2010,2010,530,"Action,Adventure,Drama"
78,movie,The Rum Diary,The Rum Diary,0,2011,\N,119,"Comedy,Drama"
79,movie,American Pastoral,American Pastoral,0,2016,\N,108,"Crime,Drama"
80,movie,Gnomeo & Juliet,Gnomeo & Juliet,0,2011,\N,84,"Adventure,Animation,Comedy"
81,movie,The Payback Man,The Payback Man,0,2010,\N,\N,"Crime,Drama,Thriller"
82,short,Turning It Over,Turning It Over,0,2010,\N,\N,"Drama,Short"
83,movie,Cloud Cuckoo Land,Cloud Cuckoo Land,0,2012,\N,92,Drama
84,movie,The Three Stooges,The Three Stooges,0,2012,\N,92,"Comedy,Family"
85,tvMiniSeries,The Crimson Petal and the White,The Crimson Petal and the White,0,2011,\N,274,"Drama,Romance"
86,movie,Motherless Brooklyn,Motherless Brooklyn,0,2019,\N,\N,"Crime,Drama"
87,video,Young Alexander the Great,Young Alexander the Great,0,2010,\N,90,"Action,Adventure,Mystery"
88,movie,Anderson's Cross,Anderson's Cross,0,2010,\N,98,"Comedy,Drama,Romance"
89,tvEpisode,Helicopters,Helicopters,0,2010,\N,44,"Documentary,History"
90,movie,Den milde smerte,Den milde smerte,0,2010,\N,280,Drama
91,tvSeries,Local 2 News,News2Houston,0,2013,\N,\N,News
92,movie,Tangled,Tangled,0,2010,\N,100,"Adventure,Animation,Comedy"
93,tvSeries,Wish ko lang,Wish ko lang,0,2015,\N,\N,Documentary
94,movie,The Connecticut Kid,The Connecticut Kid,0,2011,\N,87,Adventure
95,movie,John Carter,John Carter,0,2012,\N,132,"Action,Adventure,Sci-Fi"
96,movie,Capture the Flag,Capture the Flag,0,2010,\N,\N,Drama
97,movie,Burnt by the Sun 2,Utomlennye solntsem 2,0,2010,\N,181,"Drama,War"
98,movie,Action Jackson,Action Jackson,0,2014,\N,144,Action
99,movie,Gambit,Gambit,0,2012,\N,89,"Comedy,Crime"
100,movie,Bubbles,Bubbles,0,2011,\N,80,Drama
101,video,11:11,11:11,0,2011,\N,\N,"Crime,Drama"
102,movie,Seven Fallen Objects,Seven Fallen Objects,0,2011,\N,90,"Comedy,Drama"
103,movie,In Secret,In Secret,0,2013,\N,107,"Crime,Drama,Thriller"
104,movie,Cowboys & Aliens,Cowboys & Aliens,0,2011,\N,119,"Action,Sci-Fi,Thriller"
105,tvEpisode,Movie Theatre Tech,Movie Theatre Tech,0,2011,\N,\N,"Documentary,History"
106,movie,Tekken,Tekken,0,2010,\N,87,"Action,Crime,Drama"
107,movie,Asleep in the Sun,Dormir al sol,0,2010,\N,83,Fantasy
108,movie,Hempsters: Plant the Seed,Hempsters: Plant the Seed,0,2010,\N,90,Documentary
109,video,Destination Fame,Destination Fame,0,2012,\N,\N,"Drama,Musical"
110,movie,Disconnect,Disconnect,0,2010,\N,112,"Drama,Mystery,Sci-Fi"
111,movie,The Stanford Prison Experiment,The Stanford Prison Experiment,0,2015,\N,122,"Biography,Drama,History"
112,short,Nonkina tosan Yamazaki kaido,Nonkina tosan Yamazaki kaido,0,2016,\N,\N,"Animation,Comedy,Short"
113,tvMovie,Hemingway & Gellhorn,Hemingway & Gellhorn,0,2012,\N,155,"Biography,Drama,Romance"
114,movie,Venus & Vegas,Venus & Vegas,0,2010,\N,95,"Action,Comedy,Crime"
115,movie,The Ninth Cloud,The Ninth Cloud,0,2014,\N,93,Drama
116,movie,El borde del tiempo,El borde del tiempo,0,2011,\N,100,Drama
117,movie,Beisbol,Beisbol,0,2010,\N,\N,Documentary
118,movie,Pots and Pans,Acorralados,0,2012,\N,\N,Drama
119,movie,Dinner for Schmucks,Dinner for Schmucks,0,2010,\N,114,Comedy
120,movie,Masters of the Universe,Masters of the Universe,0,2019,\N,\N,"Action,Adventure,Drama"
121,movie,The A-Team,The A-Team,0,2010,\N,117,"Action,Adventure,Comedy"
122,movie,The Rescuer,The Rescuer,0,2011,\N,84,Documentary
123,movie,The Possession,The Possession,0,2012,\N,92,"Horror,Thriller"
124,short,In absentia,In absentia,0,2013,\N,41,"Drama,Romance,Short"
125,movie,The Queen of Sheba Meets the Atom Man,The Queen of Sheba Meets the Atom Man,0,2018,\N,110,Comedy
126,video,Monster Mountain,Monster Mountain,0,2012,\N,91,"Horror,Sci-Fi"
127,movie,Real Steel,Real Steel,0,2011,\N,127,"Action,Drama,Family"
128,movie,Satin,Satin,0,2011,\N,84,"Comedy,Drama,Music"
129,movie,Caleuche: El llamado del Mar,Caleuche: El llamado del Mar,0,2012,\N,100,"Drama,Fantasy,Horror"
130,movie,L'apocalisse delle scimmie,L'apocalisse delle scimmie,0,2012,\N,\N,Drama
131,movie,The Giver,The Giver,0,2014,\N,97,"Drama,Romance,Sci-Fi"
132,movie,Toy Story 3,Toy Story 3,0,2010,\N,103,"Adventure,Animation,Comedy"
133,movie,Project x27,The Devil Inside,0,2010,\N,\N,"Horror,Thriller"
134,movie,Alita: Battle Angel,Alita: Battle Angel,0,2018,\N,\N,"Action,Adventure,Romance"
135,movie,"Cargo, les hommes perdus.","Cargo, les hommes perdus.",0,2010,\N,93,"Adventure,Romance"
136,movie,Untitled The Flash Film,Untitled The Flash Film,0,2020,\N,\N,"Action,Adventure,Fantasy"
137,movie,Moving Target,Moving Target,0,2011,\N,\N,"Drama,Thriller"
138,movie,Seguran√ßa Nacional,Seguran√ßa Nacional,0,2010,\N,86,Action
139,movie,Stolen Memories,Stolen Memories,0,2012,\N,\N,Documentary
140,movie,My Nappy Roots: A Journey Through Black Hair-itage,My Nappy Roots: A Journey Through Black Hair-itage,0,2010,\N,90,Documentary
141,movie,Danger Close,Danger Close,0,2019,\N,\N,"Action,Drama,War"
142,movie,Lincoln,Lincoln,0,2012,\N,150,"Biography,Drama,History"
143,movie,Milenge Milenge,Milenge Milenge,0,2010,\N,109,"Drama,Romance"
144,movie,Before We Go,Before We Go,0,2014,\N,95,"Comedy,Drama,Romance"
145,movie,The History of Love,The History of Love,0,2016,\N,134,"Drama,Romance,War"
146,movie,Vidas peque√±as,Vidas peque√±as,0,2010,\N,115,Drama
147,movie,7 Days,Les 7 jours du talion,0,2010,\N,105,"Crime,Drama,Horror"
148,movie,Scott Pilgrim vs. the World,Scott Pilgrim vs. the World,0,2010,\N,112,"Action,Comedy,Romance"
149,tvMovie,The Corrections,The Corrections,0,2012,\N,\N,Drama
150,movie,Dream Street,Dream Street,0,2010,\N,\N,Drama
151,movie,Surviving in L.A.,Surviving in L.A.,0,2018,\N,\N,"Comedy,Drama,Romance"
152,movie,A Bird of the Air,A Bird of the Air,0,2011,\N,108,"Drama,Romance"
153,movie,Shazam!,Shazam!,0,2019,\N,\N,"Action,Fantasy,Sci-Fi"
154,tvSeries,Tanging yaman,Tanging yaman,0,2010,\N,\N,Drama
155,movie,Puss in Boots,Puss in Boots,0,2011,\N,90,"Action,Adventure,Animation"
156,movie,Diary of a Bad Lad,Diary of a Bad Lad,0,2010,\N,92,"Comedy,Crime"
157,movie,Mad World,Mad World,0,2010,\N,98,Drama
158,movie,The Passing,The Passing,0,2011,\N,92,Horror
159,movie,Clawed,Sludge,0,2017,\N,95,Horror
160,movie,Wonder Woman,Wonder Woman,0,2017,\N,141,"Action,Adventure,Fantasy"
161,movie,Blunt Movie,Blunt Movie,0,2013,\N,83,"Comedy,Romance"
162,movie,Party Crashers,Os Penetras,0,2012,\N,88,Comedy
163,movie,42,42,0,2013,\N,128,"Biography,Drama,Sport"
164,movie,El hada buena - Una f√°bula peronista,El hada buena - Una f√°bula peronista,0,2010,\N,85,"Comedy,Drama,Sci-Fi"
165,movie,Life of Pi,Life of Pi,0,2012,\N,127,"Adventure,Drama,Fantasy"
166,movie,Being Flynn,Being Flynn,0,2012,\N,102,Drama
167,movie,The Crazies,The Crazies,0,2010,\N,101,"Horror,Thriller"
168,movie,The Equalizer,The Equalizer,0,2014,\N,132,"Action,Crime,Thriller"
169,movie,Memorias del desarrollo,Memorias del desarrollo,0,2010,\N,113,Drama
170,movie,Captain America: The First Avenger,Captain America: The First Avenger,0,2011,\N,124,"Action,Adventure,Sci-Fi"
171,movie,A Long Way Down,A Long Way Down,0,2014,\N,96,"Comedy,Drama"
172,movie,Sin City: A Dame to Kill For,Sin City: A Dame to Kill For,0,2014,\N,102,"Crime,Thriller"
173,movie,Generation P,Generation P,0,2011,\N,112,"Comedy,Drama,Sci-Fi"
174,video,One Step Beyond,One Step Beyond,0,2012,\N,56,Documentary
175,movie,Drunkboat,Drunkboat,0,2010,\N,98,Drama
176,movie,The Grasslands,The Grasslands,0,2011,\N,114,Drama
177,movie,The Only Living Boy in New York,The Only Living Boy in New York,0,2017,\N,89,Drama
178,movie,Texxas Jam '78,Texxas Jam '78,0,2012,\N,60,Documentary
179,short,Career Day,Career Day,0,2016,\N,8,"Comedy,Family,Short"
180,movie,Saving Private Perez,Salvando al Soldado P√©rez,0,2011,\N,105,"Adventure,Comedy,Western"
181,movie,Steve Phoenix: The Untold Story,Steve Phoenix: The Untold Story,0,2012,\N,110,Drama
182,movie,High-Rise,High-Rise,0,2015,\N,119,Drama
183,movie,Satan Hates You,Satan Hates You,0,2010,\N,94,Horror
184,movie,Silent Alarm,Silent Alarm,0,2011,\N,82,"Comedy,Drama,Thriller"
185,movie,Federal,Federal,0,2010,\N,\N,"Drama,Thriller"
186,movie,The Devil You Know,The Devil You Know,0,2013,\N,76,"Mystery,Thriller"
187,movie,"Guns, Drugs and Dirty Money","Guns, Drugs and Dirty Money",0,2010,\N,123,"Action,Comedy,Crime"
188,movie,House at the End of the Drive,House at the End of the Drive,0,2014,\N,91,"Horror,Thriller"
189,movie,Piranha 3D,Piranha 3D,0,2010,\N,88,"Comedy,Horror,Thriller"
190,movie,Komaram Puli,Komaram Puli,0,2010,\N,163,"Action,Crime,Thriller"
191,movie,Act Your Age,Act Your Age,0,2011,\N,101,"Comedy,Drama"
192,movie,Taken by Force,Taken by Force,0,2010,\N,90,Action
193,video,Within: Terror Resides...,Within: Terror Resides...,0,2011,\N,85,"Horror,Thriller"
194,movie,Sensual,Sensual,0,2010,\N,99,Drama
195,movie,Golapi Ekhon Bilatey,Golapi Ekhon Bilatey,0,2010,\N,\N,Musical
196,videoGame,Alan Wake,Alan Wake,0,2010,\N,\N,"Action,Drama,Horror"
197,movie,Margaret,Margaret,0,2011,\N,150,Drama
198,movie,Alan Partridge,Alan Partridge: Alpha Papa,0,2013,\N,90,"Action,Comedy,Crime"
199,movie,Harlem Hostel,Harlem Hostel,0,2010,\N,81,"Comedy,Drama"
200,movie,Smoking/Non-Smoking,The Pack,0,2011,\N,84,Drama
201,movie,Platinum Illusions,Platinum Illusions,0,2011,\N,\N,"Action,Drama"
202,movie,Ex Machina,Ex Machina,0,2014,\N,108,"Drama,Mystery,Sci-Fi"
203,movie,"Hot Country, Cold Winter","Tak erkir, tsurt dzmer",0,2016,\N,104,Drama
204,movie,Tower Heist,Tower Heist,0,2011,\N,104,"Action,Comedy,Crime"
205,movie,The Smurfs,The Smurfs,0,2011,\N,103,"Adventure,Animation,Comedy"
206,movie,The Mechanic,The Mechanic,0,2011,\N,93,"Action,Crime,Thriller"
207,short,Historietas Assombradas (para Crian√ßas Malcriadas),Historietas Assombradas (para Crian√ßas Malcriadas),0,2013,\N,16,"Animation,Short"
208,movie,Escape from Heaven,Escape from Heaven,0,2018,\N,\N,"Comedy,Fantasy"
209,movie,Prince of Persia: The Sands of Time,Prince of Persia: The Sands of Time,0,2010,\N,116,"Action,Adventure,Fantasy"
210,movie,Stan,Stan,0,2011,\N,\N,Comedy
211,movie,Bamboo Shark,Bamboo Shark,0,2011,\N,\N,Comedy
212,movie,Cielito lindo,Cielito lindo,0,2010,\N,91,"Drama,Thriller"
213,movie,Clutch,Clutch,0,2012,\N,\N,"Action,Drama"
214,movie,"Hail, Caesar!","Hail, Caesar!",0,2016,\N,106,"Comedy,Mystery"
215,movie,Persona Au Gratin,Persona Au Gratin,0,2012,\N,93,Comedy
216,tvSeries,Westworld,Westworld,0,2016,\N,62,"Drama,Mystery,Sci-Fi"
217,movie,The Deafening Silence of a Very Bright Light,The Deafening Silence of a Very Bright Light,0,2010,\N,92,Drama
218,movie,Stiffs,Stiffs,0,2010,\N,104,Comedy
219,movie,Unstoppable,Unstoppable,0,2010,\N,98,"Action,Thriller"
220,movie,Sid Bernstein Presents...,Sid Bernstein Presents...,0,2010,\N,100,Documentary
221,movie,Extremely Loud & Incredibly Close,Extremely Loud & Incredibly Close,0,2011,\N,129,"Adventure,Drama,Mystery"
222,movie,The Tree of Life,The Tree of Life,0,2011,\N,139,"Drama,Fantasy"
223,movie,El horror de la dama del lago,El horror de la dama del lago,0,2010,\N,90,"Fantasy,Horror,Thriller"
224,movie,Ant-Man,Ant-Man,0,2015,\N,117,"Action,Adventure,Comedy"
225,movie,The Greater Meaning of Water,The Greater Meaning of Water,0,2010,\N,60,"Drama,Sport"
226,movie,Perfect Life,Perfect Life,0,2010,\N,98,"Horror,Thriller"
227,movie,Abhishapt,Abhishapt,0,2011,\N,\N,Drama
228,movie,Season of the Witch,Season of the Witch,0,2011,\N,95,"Action,Adventure,Fantasy"
229,movie,Atlas Shrugged: Part I,Atlas Shrugged: Part I,0,2011,\N,97,"Drama,Mystery,Sci-Fi"
230,movie,The Losers,The Losers,0,2010,\N,97,"Action,Adventure,Crime"
231,movie,Hall Pass,Hall Pass,0,2011,\N,105,"Comedy,Romance"
232,movie,Felix Austria!,Felix Austria!,0,2013,\N,77,"Biography,Documentary,History"
233,movie,The Croods,The Croods,0,2013,\N,98,"Action,Adventure,Animation"
234,movie,Bandage,Bandeiji,0,2010,\N,119,"Drama,Music,Romance"
235,movie,Barry Munday,Barry Munday,0,2010,\N,95,"Comedy,Drama,Romance"
236,movie,Chasing 3000,Chasing 3000,0,2010,\N,115,"Family,Sport"
237,movie,Monkey Man,Monkey Man,0,2011,\N,\N,Comedy
238,movie,A Woman Is a Woman,A Woman Is a Woman,0,2010,\N,102,"Comedy,Drama"
239,movie,Gente mala del norte,Gente mala del norte,0,2011,\N,97,"Drama,History"
240,movie,La daga de Rasput√≠n,La daga de Rasput√≠n,0,2011,\N,99,"Adventure,Comedy"
241,movie,U Want Me 2 Kill Him?,uwantme2killhim?,0,2013,\N,92,"Drama,Thriller"
242,movie,Sushi in Suhl,Sushi in Suhl,0,2012,\N,100,"Comedy,Drama"
243,movie,Red Tails,Red Tails,0,2012,\N,125,"Action,Adventure,Drama"
244,movie,Making Change,Making Change,0,2012,\N,94,Drama
245,tvSeries,NFL Primetime,NFL Primetime,0,2012,\N,60,"News,Sport,Talk-Show"
246,tvSeries,Carnival Row,Carnival Row,0,2019,\N,\N,"Fantasy,Horror,Mystery"
247,movie,Aftermath,Aftermath,0,2013,\N,84,"Crime,Thriller"
248,movie,PrimeMates,PrimeMates,0,2010,\N,82,"Comedy,Drama"
249,movie,Silence,Silence,0,2016,\N,161,"Adventure,Drama,History"
250,movie,The Invited,The Invited,0,2010,\N,95,"Horror,Thriller"
251,movie,Double Tap,Double Tap,0,2011,\N,100,"Action,Crime,Drama"
252,movie,Something Borrowed,Something Borrowed,0,2011,\N,112,"Comedy,Drama,Romance"
253,movie,Suburbicon,Suburbicon,0,2017,\N,105,"Crime,Drama,Mystery"
254,movie,Tulip Fever,Tulip Fever,0,2017,\N,105,"Drama,History,Romance"
255,movie,Furry Vengeance,Furry Vengeance,0,2010,\N,92,"Comedy,Family"
256,movie,Nina,Nina,0,2016,\N,90,"Biography,Drama,Music"
257,tvMovie,"The I Do Diaries: Beg, Borrow & Steal","The I Do Diaries: Beg, Borrow & Steal",0,2010,\N,60,Reality-TV
258,movie,CHIPS,CHIPS,0,2017,\N,100,"Action,Comedy,Crime"
259,movie,Ramona and Beezus,Ramona and Beezus,0,2010,\N,103,"Adventure,Comedy,Family"
260,movie,Good Sharma,Good Sharma,0,2010,\N,100,Drama
261,movie,Bad Blood,Bad Blood,0,2012,\N,107,"Horror,Mystery,Romance"
262,movie,O Inimigo Sem Rosto,O Inimigo Sem Rosto,0,2010,\N,85,"Crime,Drama"
263,movie,Prisoners of the Sun,Prisoners of the Sun,0,2013,\N,85,"Action,Adventure,Horror"
264,videoGame,Darkstar: The Interactive Movie,Darkstar: The Interactive Movie,0,2010,\N,\N,"Action,Adventure,Mystery"
265,tvSeries,Coment√°rio Geral,Coment√°rio Geral,0,2010,\N,\N,News
266,movie,The Hero of Color City,The Hero of Color City,0,2014,\N,77,"Animation,Family"
267,movie,Rings,Rings,0,2017,\N,102,"Drama,Horror,Romance"
268,tvSeries,The Nine Lives of Chloe King,The Nine Lives of Chloe King,0,2011,2011,60,"Action,Adventure,Crime"
269,movie,Tranced,Tranced,0,2010,\N,\N,"Drama,Fantasy,Romance"
270,tvEpisode,Episode dated 28 November 2010,Episode dated 28 November 2010,0,2010,\N,\N,"Drama,Romance"
271,tvEpisode,Sex and Violence,Sex and Violence,0,2016,\N,\N,"Drama,Sci-Fi"
272,tvEpisode,X√¥ Perereca,X√¥ Perereca,0,2010,\N,32,Comedy
273,tvEpisode,Death Climb,Death Climb,0,2011,\N,42,"Biography,Documentary,Drama"
274,tvEpisode,The Ego Show,The Ego Show,0,2014,\N,\N,"Comedy,Drama"
275,tvEpisode,Episode #1.16,Episode #1.16,0,2012,\N,\N,"Comedy,News,Talk-Show"
276,movie,Who Is Harry Nilsson (And Why Is Everybody Talkin' About Him?),Who Is Harry Nilsson (And Why Is Everybody Talkin' About Him?),0,2010,\N,116,"Biography,Documentary,Music"
277,movie,Love & Other Drugs,Love & Other Drugs,0,2010,\N,112,"Comedy,Drama,Romance"
278,movie,Syrup,Syrup,0,2013,\N,90,"Comedy,Drama,Romance"
279,movie,A Thousand Words,A Thousand Words,0,2012,\N,91,"Comedy,Drama"
280,movie,Escape from Planet Earth,Escape from Planet Earth,0,2013,\N,89,"Adventure,Animation,Comedy"
281,movie,Have You Seen Me?,Have You Seen Me?,0,2016,\N,\N,Comedy
282,movie,Horrorween,Horrorween,0,2011,\N,\N,"Comedy,Horror"
283,movie,The Legend of Secret Pass,The Legend of Secret Pass,0,2010,\N,92,"Animation,Family,Fantasy"
284,movie,Waste of Space,Waste of Space,0,2010,\N,78,"Adventure,Comedy,Sci-Fi"
285,tvEpisode,Episode #5.45,Episode #5.45,0,2011,\N,\N,Drama
286,movie,Me and My Umbrella,Eu e Meu Guarda-Chuva,0,2010,\N,78,"Family,Fantasy"
287,movie,Night of the Templar,Night of the Templar,0,2013,\N,101,"Horror,Mystery"
288,movie,What's Your Number?,What's Your Number?,0,2011,\N,106,"Comedy,Romance"
289,movie,California Indian,California Indian,0,2011,\N,90,Drama
290,movie,King of the Avenue,King of the Avenue,0,2010,\N,83,"Drama,Fantasy,Thriller"
291,movie,Samsara,Samsara,0,2011,\N,102,"Documentary,Music"
292,movie,Till You Get to Baraboo,Till You Get to Baraboo,0,2011,\N,80,"Comedy,Romance"
293,movie,Man of Steel,Man of Steel,0,2013,\N,143,"Action,Adventure,Fantasy"
294,movie,Jersey Justice,Jersey Justice,0,2014,\N,100,"Action,Thriller"
295,movie,Kill,Kill,0,2011,\N,90,"Comedy,Horror,Thriller"
296,movie,The Chosen Heaven,El cielo elegido,0,2010,\N,123,"Drama,Thriller"
297,movie,Cell,Cell,0,2016,\N,98,"Action,Drama,Horror"
298,movie,The Rain Fairy,Destov√° v√≠la,0,2010,\N,100,"Family,Fantasy"
299,movie,The Illusionist,L'illusionniste,0,2010,\N,80,"Animation,Drama"
300,movie,Night Catches Us,Night Catches Us,0,2010,\N,90,"Drama,Romance"
301,movie,Drive,Drive,0,2011,\N,100,"Crime,Drama"
302,tvSeries,The Being Experience: The Prologue,In the Woods,0,2013,\N,100,Mystery
303,movie,Kid Cannabis,Kid Cannabis,0,2014,\N,110,"Biography,Comedy,Crime"
304,movie,Santorini Blue,Santorini Blue,0,2013,\N,90,"Comedy,Drama"
305,movie,War of the Dead,War of the Dead,0,2011,\N,86,"Action,Adventure,Horror"
306,movie,The Wolfman,The Wolfman,0,2010,\N,103,"Drama,Fantasy,Horror"
307,movie,Escalade,Escalade,0,2011,\N,80,Thriller
308,movie,Irreversi,Irreversi,0,2010,\N,\N,Thriller
309,movie,The Last Full Measure,The Last Full Measure,0,2018,\N,\N,"Drama,War"
310,tvEpisode,I Called Him Magoo,I Called Him Magoo,0,2010,\N,22,"Comedy,Romance"
311,movie,The Attack,The Attack,0,2012,\N,102,Drama
312,movie,The Boxtrolls,The Boxtrolls,0,2014,\N,96,"Adventure,Animation,Comedy"
313,movie,The Man Who Knew Infinity,The Man Who Knew Infinity,0,2015,\N,108,"Biography,Drama"
314,movie,The Incredible Burt Wonderstone,The Incredible Burt Wonderstone,0,2013,\N,100,"Adventure,Comedy,Fantasy"
315,movie,Dallas Buyers Club,Dallas Buyers Club,0,2013,\N,117,"Biography,Drama"
316,movie,Elliot Loves,Elliot Loves,0,2012,\N,92,"Comedy,Romance"
317,movie,The First Grader,The First Grader,0,2010,\N,103,"Biography,Drama,Romance"
318,movie,Jack Reacher,Jack Reacher,0,2012,\N,130,"Action,Crime,Mystery"
319,movie,R.I.P.D.,R.I.P.D.,0,2013,\N,96,"Action,Adventure,Comedy"
320,movie,Miles Ahead,Miles Ahead,0,2015,\N,100,"Biography,Drama,Music"
321,movie,The Yellow Wallpaper,The Yellow Wallpaper,0,2012,\N,115,Thriller
322,tvEpisode,Avotar,Avotar,0,2010,\N,\N,Comedy
323,movie,Wilde Salom√©,Wilde Salom√©,0,2011,\N,95,"Documentary,Drama"
324,movie,Scary Movie 5,Scary Movie 5,0,2013,\N,86,Comedy
325,movie,13,13,0,2010,\N,91,"Drama,Thriller"
326,video,Carnies,Carnies,0,2010,\N,82,"Horror,Thriller"
327,tvMovie,For Love of Liberty: The Story of America's Black Patriots,For Love of Liberty: The Story of America's Black Patriots,0,2010,\N,115,Documentary
328,movie,The Guardians,The Guardians,0,2010,\N,88,"Comedy,Family"
329,movie,Ironmen,Ironmen,0,2010,\N,119,"Biography,Drama"
330,tvSeries,The Sports Reporters,The Sports Reporters,0,2016,\N,60,Talk-Show
331,movie,Clash of the Titans,Clash of the Titans,0,2010,\N,106,"Action,Adventure,Fantasy"
332,movie,Nemesis,Nemesis,0,2010,\N,83,Drama
333,movie,Thor,Thor,0,2011,\N,115,"Action,Adventure,Fantasy"
334,movie,Red Dog,Red Dog,0,2011,\N,92,"Biography,Comedy,Drama"
335,movie,Warcraft,Warcraft,0,2016,\N,123,"Action,Adventure,Fantasy"
336,movie,Devil's Knot,Devil's Knot,0,2013,\N,114,"Biography,Crime,Drama"
337,movie,Folk!,Folk!,0,2010,\N,\N,Documentary
338,movie,It's Kind of a Funny Story,It's Kind of a Funny Story,0,2010,\N,101,"Comedy,Drama,Romance"
339,movie,The Mule,La mula,0,2013,\N,100,"Comedy,Drama"
340,movie,Spoon,Spoon,0,2011,\N,\N,"Action,Drama,Fantasy"
341,movie,A Letter to Elia,A Letter to Elia,0,2010,\N,60,Documentary
342,movie,The Last Pogo Jumps Again,The Last Pogo Jumps Again,0,2013,\N,200,"Documentary,Music"
343,movie,Tooth Fairy,Tooth Fairy,0,2010,\N,101,"Comedy,Family,Fantasy"
344,movie,Belle du Seigneur,Belle du Seigneur,0,2012,\N,104,"Drama,Romance"
345,movie,Cross the Line,Cross the Line,0,2010,\N,87,Action
346,movie,The Danish Girl,The Danish Girl,0,2015,\N,119,"Biography,Drama,History"
347,movie,Eyes of the Mothman,Eyes of the Mothman,0,2011,\N,150,Documentary
348,movie,Jack and Jill,Jack and Jill,0,2011,\N,91,Comedy
349,movie,Take Me Home Tonight,Take Me Home Tonight,0,2011,\N,97,"Comedy,Drama,Romance"
350,movie,Plum√≠feros - Aventuras voladoras,Plum√≠feros - Aventuras voladoras,0,2010,\N,80,"Adventure,Animation,Family"
351,movie,Lavoe,The King Hector Lavoe,0,2011,\N,90,"Drama,Music"
352,movie,The Do-Deca-Pentathlon,The Do-Deca-Pentathlon,0,2012,\N,76,Comedy
353,movie,Meridian Lines,Meridian Lines,0,2013,\N,\N,Drama
354,movie,American Flyer,American Flyer,0,2010,\N,100,Adventure
355,movie,Percy Jackson & the Olympians: The Lightning Thief,Percy Jackson & the Olympians: The Lightning Thief,0,2010,\N,118,"Adventure,Family,Fantasy"
356,movie,Art Officially Favored,Art Officially Favored,0,2019,\N,90,"Biography,Documentary,Fantasy"
357,movie,Ashes,Ashes,0,2010,\N,\N,Drama
358,movie,She's Out of My League,She's Out of My League,0,2010,\N,104,"Comedy,Romance"
359,movie,Card Subject to Change,Card Subject to Change,0,2010,\N,87,Documentary
360,movie,The Book Thief,The Book Thief,0,2013,\N,131,"Drama,War"
361,movie,Conan the Barbarian,Conan the Barbarian,0,2011,\N,113,"Action,Adventure,Fantasy"
362,movie,Shanghai Hotel,Shanghai Hotel,0,2011,\N,110,Drama
363,movie,Interstellar,Interstellar,0,2014,\N,169,"Adventure,Drama,Sci-Fi"
364,movie,World War Z,World War Z,0,2013,\N,116,"Action,Adventure,Horror"
365,movie,Flipped,Flipped,0,2010,\N,90,"Comedy,Drama,Romance"
366,movie,Valentine's Day,Valentine's Day,0,2010,\N,125,"Comedy,Romance"
367,movie,The Power of Few,The Power of Few,0,2013,\N,96,"Action,Crime,Drama"
368,movie,Dreamkiller,Dreamkiller,0,2010,\N,110,Thriller
369,movie,Soupernatural,Soupernatural,0,2010,\N,\N,Drama
370,movie,Manhattan Minutiae,Manhattan Minutiae,0,2016,\N,99,"Comedy,Music,Romance"
371,movie,Priest,Priest,0,2011,\N,87,"Action,Fantasy,Horror"
372,movie,The Long Falling,O√π va la nuit,0,2011,\N,105,Drama
373,movie,Maximum Ride,Maximum Ride,0,2016,\N,88,"Action,Adventure,Comedy"
374,movie,Caravaggio and My Mother the Pope,Caravaggio and My Mother the Pope,0,2018,\N,90,"Comedy,Drama"
375,movie,Return to Yucca Flats: Desert Man-Beast,Return to Yucca Flats: Desert Man-Beast,0,2010,\N,79,"Comedy,Horror"
376,movie,Magic,Magic,0,2010,\N,\N,"Adventure,Family"
377,movie,Wild in the Streets,Wild in the Streets,0,2012,\N,82,Documentary
378,movie,Dracula Untold,Dracula Untold,0,2014,\N,92,"Action,Drama,Fantasy"
379,movie,Gallowwalkers,Gallowwalkers,0,2012,\N,90,"Action,Horror,Thriller"
380,video,Santeria: The Soul Possessed,Santeria: The Soul Possessed,0,2012,\N,82,Horror
381,movie,Waking Madison,Waking Madison,0,2010,\N,89,Drama
382,movie,Godzilla,Godzilla,0,2014,\N,123,"Action,Adventure,Sci-Fi"
383,movie,Land,Land,0,2010,\N,76,Documentary
384,movie,The Babymakers,The Babymakers,0,2012,\N,95,Comedy
385,movie,Electric Slide,Electric Slide,0,2014,\N,95,"Action,Biography,Crime"
386,movie,Krystal,Krystal,0,2017,\N,90,"Comedy,Drama"
387,movie,Pee-wee's Big Holiday,Pee-wee's Big Holiday,0,2016,\N,90,"Adventure,Comedy,Family"
388,movie,Approaching Midnight,Approaching Midnight,0,2013,\N,86,"Crime,Drama,Romance"
389,movie,Hotel Transylvania,Hotel Transylvania,0,2012,\N,91,"Animation,Comedy,Family"
390,movie,Pet Sematary,Pet Sematary,0,2019,\N,\N,Horror
391,movie,Retreat!,Retreat!,0,2016,\N,\N,"Comedy,Drama,War"
392,movie,Bhopal: A Prayer for Rain,Bhopal: A Prayer for Rain,0,2014,\N,96,Drama
393,short,Eloise,Eloise,0,2014,\N,11,"Drama,Short"
394,movie,Everyday Sunshine: The Story of Fishbone,Everyday Sunshine: The Story of Fishbone,0,2010,\N,107,"Documentary,Music"
395,movie,The Town,The Town,0,2010,\N,125,"Crime,Drama,Thriller"
396,movie,R√≠o de oro,R√≠o de oro,0,2010,\N,\N,Western
397,movie,Whatever Happened to Pete Blaggit?,Whatever Happened to Pete Blaggit?,0,2012,\N,94,"Comedy,Sci-Fi"
398,movie,The Kids Are All Right,The Kids Are All Right,0,2010,\N,106,"Comedy,Drama,Romance"
399,movie,The Fallen Word,The Fallen Word,0,2013,\N,60,"Drama,Fantasy,Mystery"
400,movie,Ivan Mosjoukine ou L'enfant du carnaval,Ivan Mosjoukine ou L'enfant du carnaval,0,2016,\N,67,Documentary
401,movie,Killer by Nature,Killer by Nature,0,2010,\N,94,"Adventure,Crime,Drama"
402,movie,Pox,Pox,0,2011,\N,100,"Comedy,Sci-Fi"
403,movie,Hoodwinked Too! Hood vs. Evil,Hoodwinked Too! Hood vs. Evil,0,2011,\N,86,"Animation,Comedy,Crime"
404,movie,Gangster Exchange,Gangster Exchange,0,2010,\N,95,Action
405,movie,Loot,Loot,0,2011,\N,\N,"Action,Comedy,Crime"
406,movie,Neowolf,Neowolf,0,2010,\N,88,"Horror,Thriller"
407,movie,Night Traveler,Night Traveler,0,2013,\N,\N,Adventure
408,movie,Fun in the Army,Fauj Mein Mauj,0,2010,\N,\N,Comedy
409,movie,The Speed of Thought,The Speed of Thought,0,2011,\N,93,"Sci-Fi,Thriller"
410,movie,The Avengers,The Avengers,0,2012,\N,143,"Action,Adventure,Sci-Fi"
411,movie,Epic,Epic,0,2013,\N,102,"Adventure,Animation,Family"
412,movie,The Sighting,Travis,0,2016,\N,98,"Horror,Sci-Fi,Thriller"
413,movie,Duel of Legends,Duel of Legends,0,2018,\N,\N,"Action,Drama,Sport"
414,video,Change Your Life!,Change Your Life!,0,2010,\N,\N,Comedy
415,movie,Jack & Diane,Jack & Diane,0,2012,\N,110,"Drama,Horror,Romance"
416,movie,Jackson Arms,Jackson Arms,0,2015,\N,90,Romance
417,movie,Risen,Risen,0,2010,\N,121,"Biography,Drama"
418,movie,Sir Billi,Sir Billi,0,2012,\N,76,"Adventure,Animation,Comedy"
419,movie,Folie √† deux,Folie √† deux,0,2012,\N,\N,Drama
420,movie,Bloud√≠m,Bloud√≠m,0,2010,\N,75,Drama
421,movie,Naked Run,Naked Run,0,2011,\N,84,Comedy
422,movie,A Summer Song,A Summer Song,0,2010,\N,\N,Drama
423,movie,This Is What Love in Action Looks Like,This Is What Love in Action Looks Like,0,2011,\N,74,Documentary
424,movie,Great American Dream,Great American Dream,0,2013,\N,90,"Drama,Sport"
425,movie,Kolor√°d√≥ Kid,Kolor√°d√≥ Kid,0,2010,\N,111,"Drama,Romance"
426,movie,The Sweeney,The Sweeney,0,2012,\N,112,"Action,Crime,Drama"
427,movie,2001 Maniacs: Field of Screams,2001 Maniacs: Field of Screams,0,2010,\N,84,"Comedy,Horror"
428,movie,Immortal Island,Immortal Island,0,2011,\N,84,"Adventure,Horror,Thriller"
429,movie,Wide Blue Yonder,Wide Blue Yonder,0,2010,\N,82,"Comedy,Drama"
430,movie,The Golden Greek: The Harry Agganis Story,The Golden Greek: The Harry Agganis Story,0,2010,\N,\N,Documentary
431,movie,Super Troopers 2,Super Troopers 2,0,2018,\N,99,"Comedy,Crime,Mystery"
432,movie,Evangelion: 3.0 You Can (Not) Redo,Evangerion shin gekij√¥ban: Kyu,0,2012,\N,96,"Action,Animation,Drama"
433,movie,Zenitram,Zenitram,0,2010,\N,103,"Action,Adventure,Comedy"
434,movie,Lupin the 3rd,Rupan sansei,0,2014,\N,133,"Action,Adventure,Comedy"
435,movie,Dukun,Dukun,0,2018,\N,108,"Horror,Thriller"
436,movie,Mr. Peabody & Sherman,Mr. Peabody & Sherman,0,2014,\N,92,"Adventure,Animation,Comedy"
437,movie,Letting Go,Letting Go,0,2012,\N,83,"Drama,Romance"
438,movie,6 Month Rule,6 Month Rule,0,2011,\N,100,Comedy
439,movie,Catharsis,Katharsis,0,2011,\N,89,Mystery
440,movie,Jungle Cruise,Jungle Cruise,0,2019,\N,\N,Adventure
441,movie,Touch Wood,Touch Wood,0,2010,\N,\N,Comedy
442,movie,The Nightclub Days,The Nightclub Days,0,2012,\N,\N,Comedy
443,movie,"Surprise, Surprise","Surprise, Surprise",0,2010,\N,83,Drama
444,movie,My Soul to Take,My Soul to Take,0,2010,\N,107,"Horror,Mystery,Thriller"
445,movie,Red State,Red State,0,2011,\N,88,"Action,Crime,Horror"
446,movie,The Dot Man,The Dot Man,0,2017,\N,\N,"Drama,Thriller"
447,movie,Beijing Taxi,Beijing Taxi,0,2010,\N,78,Documentary
448,movie,The Secret Philosophy,The Secret Philosophy,0,2010,\N,90,Thriller
449,movie,Rain Falls from Earth: Surviving Cambodia's Darkest Hour,Rain Falls from Earth: Surviving Cambodia's Darkest Hour,0,2011,\N,\N,Documentary
450,movie,Rift,Rift,0,2011,\N,100,"Horror,Thriller"
451,movie,Bury the Hatchet,Bury the Hatchet,0,2010,\N,120,Documentary
452,movie,Ch√ªshingura,Ch√ªshingura,0,2016,\N,76,\N
453,movie,Bulletface,Bulletface,0,2010,\N,82,Thriller
454,movie,First Circle,First Circle,0,2010,\N,72,Documentary
455,movie,Jewtopia,Jewtopia,0,2012,\N,90,"Comedy,Romance"
456,movie,Please Give,Please Give,0,2010,\N,87,"Comedy,Drama"
457,movie,Harm's Way,Harm's Way,0,2010,\N,82,Thriller
458,movie,Torn,Torn,0,2010,\N,\N,Thriller
459,movie,Eat Pray Love,Eat Pray Love,0,2010,\N,133,"Drama,Romance"
460,movie,Mama I Want to Sing,Mama I Want to Sing,0,2011,\N,100,Musical
461,movie,Sanctum,Sanctum,0,2011,\N,108,"Adventure,Drama,Thriller"
462,movie,AIR: The Musical,AIR: The Musical,0,2010,\N,100,"Comedy,Musical,Romance"
463,movie,Snitch,Snitch,0,2013,\N,112,"Action,Drama,Thriller"
464,tvMovie,Mr. Hockey: The Gordie Howe Story,Mr. Hockey: The Gordie Howe Story,0,2013,\N,87,"Biography,Drama,Sport"
465,movie,Wreckage,Wreckage,0,2010,\N,87,"Horror,Thriller"
466,movie,Drain Baby,Drain Baby,0,2011,\N,\N,Horror
467,movie,Legends of Oz: Dorothy's Return,Legends of Oz: Dorothy's Return,0,2013,\N,88,"Adventure,Animation,Family"
468,movie,The Wedding Ringer,The Wedding Ringer,0,2015,\N,101,Comedy
469,tvMovie,Medium Raw: Night of the Wolf,Medium Raw: Night of the Wolf,0,2010,\N,100,"Fantasy,Thriller"
470,movie,Hyenas,Hyenas,0,2011,\N,92,Horror
471,movie,Repo,Repo,0,2010,\N,97,"Comedy,Drama"
472,movie,Rollerboy,Rollerboy,0,2013,\N,81,Documentary
473,movie,Honor,Kavod,0,2010,\N,118,"Crime,Drama,Thriller"
474,movie,The Switch,The Switch,0,2010,\N,101,"Comedy,Drama,Romance"
475,movie,RxCannabis: A Freedom Tale,RxCannabis: A Freedom Tale,0,2018,\N,83,Documentary
476,movie,Hamlet A.D.D.,Hamlet A.D.D.,0,2014,\N,95,"Animation,Comedy,Fantasy"
477,movie,Gun of the Black Sun,Gun of the Black Sun,0,2011,\N,90,Fantasy
478,movie,Letters to Juliet,Letters to Juliet,0,2010,\N,105,"Adventure,Comedy,Drama"
479,movie,How to Train Your Dragon,How to Train Your Dragon,0,2010,\N,98,"Action,Adventure,Animation"
480,movie,Shrek Forever After,Shrek Forever After,0,2010,\N,93,"Adventure,Animation,Comedy"
481,movie,Blur,Blur,0,2011,\N,90,"Drama,Mystery,Thriller"
482,movie,From Prada to Nada,From Prada to Nada,0,2011,\N,107,"Comedy,Drama,Romance"
483,movie,The Whistleblower,The Whistleblower,0,2010,\N,112,"Action,Biography,Crime"
484,video,Between the Sand and the Sky,Between the Sand and the Sky,0,2014,\N,4,"Adventure,Romance,Western"
485,movie,Don't Fade Away,Don't Fade Away,0,2010,\N,89,Drama
486,movie,The Key Man,The Key Man,0,2011,\N,80,"Crime,Drama,Thriller"
487,movie,Suite Fran√ßaise,Suite Fran√ßaise,0,2014,\N,107,"Drama,Romance,War"
488,movie,Psych:9,Psych:9,0,2010,\N,98,"Horror,Mystery,Thriller"
489,movie,Acts of Violence,Acts of Violence,0,2010,\N,\N,"Crime,Drama,Thriller"
490,video,Butchered,Butchered,0,2010,\N,71,Horror
491,video,Silent Vengeance,Silent Vengeance,0,2011,\N,90,Horror
492,video,Privileged,Privileged,0,2010,\N,\N,Drama
493,short,Red Princess Blues,Red Princess Blues,0,2010,\N,11,"Action,Short,Thriller"
494,movie,Westbrick Murders,Westbrick Murders,0,2010,\N,90,"Action,Crime,Thriller"
495,movie,The Hobbit: An Unexpected Journey,The Hobbit: An Unexpected Journey,0,2012,\N,169,"Adventure,Family,Fantasy"
496,movie,Love & Mercy,Love & Mercy,0,2014,\N,121,"Biography,Drama,Music"
497,video,Blood: A Butcher's Tale,Blood: A Butcher's Tale,0,2010,\N,\N,Horror
498,movie,The Thing,The Thing,0,2011,\N,103,"Horror,Mystery,Sci-Fi"
499,movie,The Grind,The Grind,0,2012,\N,85,"Crime,Thriller"
500,movie,The Unlikely's,The Unlikely's,0,2016,\N,\N,Comedy
501,tvEpisode,"The $10,000 Gift","The $10,000 Gift",0,2010,\N,\N,Romance
502,movie,Black Butterflies,Black Butterflies,0,2011,\N,100,"Biography,Drama"
503,movie,Prey,Proie,0,2010,\N,90,"Adventure,Drama,Horror"
504,video,N.Y.C. Underground,N.Y.C. Underground,0,2013,\N,87,"Action,Thriller"
505,movie,Eager to Die,Eager to Die,0,2010,\N,109,"Drama,Thriller"
506,movie,Exposed,Exposed,0,2012,\N,82,"Drama,Mystery,Thriller"
507,movie,A Merry Friggin' Christmas,A Merry Friggin' Christmas,0,2014,\N,88,Comedy
508,movie,Movin' In,Movin' In,0,2010,\N,95,"Comedy,Romance"
509,tvMiniSeries,Bloodletting & Miraculous Cures,Bloodletting & Miraculous Cures,0,2010,\N,60,Drama
510,movie,House Under Siege,House Under Siege,0,2010,\N,78,"Action,Thriller"
511,movie,Monkeyman935,Monkeyman935,0,2010,\N,\N,Horror
512,video,RMS Titanic: The Story Biograph Told,RMS Titanic: The Story Biograph Told,0,2012,\N,60,"Adventure,Documentary,Drama"
513,movie,Unthinkable,Unthinkable,0,2010,\N,97,"Drama,Thriller"
514,movie,Jackboots on Whitehall,Jackboots on Whitehall,0,2010,\N,91,"Animation,Comedy,Sci-Fi"
515,movie,Gangster Kittens,Gangster Kittens,0,2016,\N,\N,"Drama,Thriller"
516,movie,Periphery,Periphery,0,2011,\N,\N,Drama
517,movie,Victim,Victim,0,2010,\N,90,"Horror,Thriller"
518,movie,The Legend of Tarzan,The Legend of Tarzan,0,2016,\N,110,"Action,Adventure,Drama"
519,movie,The Happy Housewife,De gelukkige huisvrouw,0,2010,\N,100,"Comedy,Drama,Romance"
520,movie,I Am Not a Bird,I Am Not a Bird,0,2018,\N,\N,"Drama,Thriller"
521,movie,The Dead Undead,The Dead Undead,0,2010,\N,89,"Action,Horror,Sci-Fi"
522,video,Hogzilla,Hogzilla,0,2014,\N,90,Horror
523,movie,Truth About Kerry,Truth About Kerry,0,2010,\N,84,"Drama,Mystery,Thriller"
524,movie,Pizza with Bullets,Pizza with Bullets,0,2010,\N,99,Comedy
525,movie,Harry Potter and the Deathly Hallows: Part 1,Harry Potter and the Deathly Hallows: Part 1,0,2010,\N,146,"Adventure,Family,Fantasy"
526,movie,Road to Red,Road to Red,0,2016,\N,120,"Action,Adventure,Thriller"
527,movie,White Men Can't Dance,White Men Can't Dance,0,2012,\N,105,"Drama,Family"
528,tvSeries,Shooting Gallery,Shooting Gallery,0,2011,\N,\N,\N
529,tvEpisode,Celebrity Mastermind 2009/2010: Episode 5,Celebrity Mastermind 2009/2010: Episode 5,0,2010,\N,28,Game-Show
530,movie,The Penthouse,The Penthouse,0,2010,\N,89,Comedy
531,movie,Deep Gold 3D,Deep Gold,0,2011,\N,86,Action
532,videoGame,Star Trek Online,Star Trek Online,0,2010,\N,\N,"Action,Adventure,Sci-Fi"
533,movie,The Man in the Silo,The Man in the Silo,0,2016,\N,55,Drama
534,movie,Jun-09,Jun-09,0,2018,\N,95,"Horror,Mystery,Thriller"
535,movie,"Glenn, the Flying Robot","Glenn, the Flying Robot",0,2010,\N,85,"Drama,Sci-Fi"
536,movie,The Waiter,The Waiter,0,2010,\N,92,"Action,Crime,Drama"
537,movie,Rabbit Hole,Rabbit Hole,0,2010,\N,91,Drama
538,tvEpisode,Garage Alone/Camp Happy Helpers,Garage Alone/Camp Happy Helpers,0,2017,\N,22,"Adventure,Animation,Comedy"
539,movie,Joe Dick,Joe Dick,0,2017,\N,96,Comedy
540,movie,The Devil's Flower,Tsvetok dyavola,0,2010,\N,90,"Mystery,Romance"
541,movie,The Last Airbender,The Last Airbender,0,2010,\N,103,"Action,Adventure,Family"
542,movie,Freaky Deaky,Freaky Deaky,0,2012,\N,90,"Comedy,Crime,Thriller"
543,movie,Silent Hill: Revelation,Silent Hill: Revelation,0,2012,\N,95,Horror
544,tvSeries,Regresso a Sizalinda,Regresso a Sizalinda,0,2010,\N,\N,Drama
545,movie,Arthur 3: The War of the Two Worlds,Arthur 3: la guerre des deux mondes,0,2010,\N,101,"Adventure,Animation,Family"
546,movie,White Knuckles,White Knuckles,0,2010,\N,88,"Drama,Thriller"
547,movie,Salt,Salt,0,2010,\N,100,"Action,Crime,Mystery"
548,tvSeries,Game of Thrones,Game of Thrones,0,2011,\N,57,"Action,Adventure,Drama"
549,movie,Source Code,Source Code,0,2011,\N,93,"Mystery,Romance,Sci-Fi"
550,tvEpisode,Balls,Balls,0,2013,\N,\N,"Documentary,History"
551,movie,Black Swan,Black Swan,0,2010,\N,108,"Drama,Thriller"
552,movie,Green Zone,Green Zone,0,2010,\N,115,"Action,Drama,Thriller"
553,movie,The Amazing Spider-Man,The Amazing Spider-Man,0,2012,\N,136,"Action,Adventure,Sci-Fi"
554,movie,Coffee Sex You,Coffee Sex You,0,2014,\N,88,Drama
555,tvEpisode,Insulation,Insulation,0,2013,\N,\N,"Documentary,History"
556,movie,The Killer Inside Me,The Killer Inside Me,0,2010,\N,109,"Crime,Drama,Thriller"
557,movie,Robin Hood,Robin Hood,0,2010,\N,140,"Action,Adventure,Drama"
558,movie,Reach Me,Reach Me,0,2014,\N,95,"Comedy,Crime,Drama"
559,movie,Nine Dead,Nine Dead,0,2010,\N,98,"Crime,Drama,Horror"
560,movie,Heart of Now,Heart of Now,0,2010,\N,90,Drama
561,videoGame,Final Fantasy XV,Fainaru fantaj√Æ XV,0,2016,\N,\N,"Action,Adventure,Fantasy"
562,movie,Let Me Survive,Let Me Survive,0,2013,\N,\N,Drama
563,movie,Beautiful Darling,Beautiful Darling,0,2010,\N,85,Documentary
564,movie,Private Security Officer: Los Angeles,Private Security Officer: Los Angeles,0,2010,\N,84,"Action,Comedy,Crime"
565,movie,"Truth in Numbers? Everything, According to Wikipedia","Truth in Numbers? Everything, According to Wikipedia",0,2010,\N,85,Documentary
566,movie,Avenge,Avenge,0,2014,\N,88,Drama
567,movie,A Monster in Paris,Un monstre √† Paris,0,2011,\N,90,"Adventure,Animation,Comedy"
568,movie,Devour,Devour,0,2011,\N,\N,Horror
569,movie,The Trouble with Cali,The Trouble with Cali,0,2012,\N,\N,Comedy
570,movie,The House of Sun,Dom Solntsa,0,2010,\N,110,Drama
571,movie,Made in Romania,Made in Romania,0,2010,\N,95,Comedy
572,movie,Feast of the Assumption: BTK and the Otero Family Murders,Feast of the Assumption: The Otero Family Murders,0,2010,\N,86,"Crime,Documentary"
573,movie,The Sorcerer's Apprentice,The Sorcerer's Apprentice,0,2010,\N,109,"Action,Adventure,Family"
574,movie,The Fighter,The Fighter,0,2010,\N,116,"Biography,Drama,Sport"
575,movie,Pushin' Up Daisies,Pushin' Up Daisies,0,2010,\N,87,Comedy
576,tvSeries,Bubble Guppies,Bubble Guppies,0,2011,2019,24,"Animation,Comedy,Family"
577,movie,Have You Heard from Johannesburg: Hell of a Job,Have You Heard from Johannesburg: Hell of a Job,0,2010,\N,57,Documentary
578,movie,Have You Heard from Johannesburg: Road to Resistance,Have You Heard from Johannesburg: Road to Resistance,0,2010,\N,65,Documentary
579,movie,L'imbroglio nel lenzuolo,L'imbroglio nel lenzuolo,0,2010,\N,105,"Comedy,Romance"
580,movie,The Conspirator,The Conspirator,0,2010,\N,122,"Crime,Drama,History"
581,movie,Little Witch on a Broomstick,Sax√°na a Lexikon kouzel,0,2011,\N,90,"Animation,Comedy,Family"
582,movie,Strange Frame: Love & Sax,Strange Frame: Love & Sax,0,2012,\N,98,"Animation,Crime,Music"
583,movie,White Wall,White Wall,0,2010,\N,91,"Action,Mystery,Sci-Fi"
584,movie,Hugo,Hugo,0,2011,\N,126,"Adventure,Drama,Family"
585,movie,Little Fockers,Little Fockers,0,2010,\N,98,"Comedy,Romance"
586,movie,The Chosen One,The Chosen One,0,2010,\N,101,"Comedy,Drama"
587,movie,The Reason,La raz√≥n,0,2010,\N,70,"Drama,Fantasy,History"
588,tvEpisode,Ick Alone,Ick Alone,0,2012,\N,\N,"Animation,Family"
589,tvEpisode,The Big Race,The Big Race,0,2012,\N,\N,"Animation,Family"
590,tvEpisode,Windy Night,Windy Night,0,2012,\N,\N,"Animation,Family"
591,tvEpisode,World Tree Day,World Tree Day,0,2012,\N,\N,"Animation,Family"
592,movie,Back Roads,Back Roads,0,2018,\N,101,"Drama,Thriller"
593,movie,Have You Heard from Johannesburg: Fair Play,Have You Heard from Johannesburg: Fair Play,0,2010,\N,96,Documentary
594,movie,Have You Heard from Johannesburg: The Bottom Line,Have You Heard from Johannesburg: The Bottom Line,0,2010,\N,86,Documentary
595,movie,Lives and Deaths of the Poets,Lives and Deaths of the Poets,0,2011,\N,93,Comedy
596,movie,Headhunter: The Assessment Weekend,Headhunter: The Assessment Weekend,0,2010,\N,93,Thriller
597,movie,Justice League,Justice League,0,2017,\N,120,"Action,Adventure,Fantasy"
598,movie,Black Limousine,The Land of the Astronauts,0,2010,\N,102,Drama
599,movie,Hitchcock,Hitchcock,0,2012,\N,98,"Biography,Drama"
600,movie,Sinatra Club,Sinatra Club,0,2010,\N,88,"Action,Biography,Crime"
601,short,Detention,Detention,0,2012,\N,16,"Adventure,Comedy,Horror"
602,movie,Boyle Heights,Boyle Heights,0,2010,\N,101,Action
603,movie,Chooriyan,Chooriyan,0,2015,\N,\N,"Drama,Musical,Romance"
604,movie,Fair Game,Fair Game,0,2010,\N,108,"Biography,Drama,Thriller"
605,videoGame,Red Steel 2,Red Steel 2,0,2010,\N,\N,"Action,Western"
606,movie,Sucker Punch,Sucker Punch,0,2011,\N,110,"Action,Fantasy"
607,movie,Have You Heard from Johannesburg: Free at Last,Have You Heard from Johannesburg: Free at Last,0,2010,\N,78,Documentary
608,tvSeries,Boardwalk Empire,Boardwalk Empire,0,2010,2014,55,"Crime,Drama,History"
609,movie,Lottery Ticket,Lottery Ticket,0,2010,\N,99,Comedy
610,movie,The Chronicles of Narnia: The Voyage of the Dawn Treader,The Chronicles of Narnia: The Voyage of the Dawn Treader,0,2010,\N,113,"Adventure,Family,Fantasy"
611,movie,Four,Four,0,2012,\N,75,"Drama,Romance"
612,movie,Heredity,Heredity,0,2010,\N,\N,"Horror,Thriller"
613,movie,Funkytown,Funkytown,0,2011,\N,132,Drama
614,movie,The Unwanted,The Unwanted,0,2013,\N,95,"Drama,Thriller"
615,movie,The Adventures of Tintin,The Adventures of Tintin,0,2011,\N,107,"Action,Adventure,Animation"
616,movie,You're Nobody 'til Somebody Kills You,You're Nobody 'til Somebody Kills You,0,2012,\N,86,"Horror,Thriller"
617,movie,El Padrino II: Border Intrusion,El Padrino II: Border Intrusion,0,2011,\N,90,Crime
618,movie,A Dance for Grace,A Dance for Grace,0,2010,\N,\N,Drama
619,movie,Multiple Sarcasms,Multiple Sarcasms,0,2010,\N,97,Drama
620,videoGame,Black Mirror 2,Black Mirror 2,0,2010,\N,\N,"Adventure,Horror,Mystery"
621,movie,Machete,Machete,0,2010,\N,105,"Action,Crime,Thriller"
622,movie,The Magic Crystal,Maaginen kristalli,0,2011,\N,80,"Adventure,Animation,Comedy"
623,movie,A Flat,A Flat,0,2010,\N,103,"Drama,Horror,Romance"
624,movie,The Gainesville Ripper,The Gainesville Ripper,0,2010,\N,90,Horror
625,movie,Dear John,Dear John,0,2010,\N,108,"Drama,Romance,War"
626,movie,Detention,Detention,0,2010,\N,81,"Horror,Thriller"
627,movie,The Green Hornet,The Green Hornet,0,2011,\N,119,"Action,Comedy,Crime"
628,movie,The Significant Other,The Significant Other,0,2012,\N,90,"Comedy,Romance"
629,short,The Passport,The Passport,0,2010,\N,18,Short
630,tvMovie,Dave Brubeck: In His Own Sweet Way,Dave Brubeck: In His Own Sweet Way,0,2010,\N,85,Documentary
631,movie,Hanna,Hanna,0,2011,\N,111,"Action,Drama,Thriller"
632,movie,The Wolf of Wall Street,The Wolf of Wall Street,0,2013,\N,180,"Biography,Comedy,Crime"
633,movie,Adventure Scouts,Adventure Scouts,0,2010,\N,83,"Action,Adventure,Comedy"
634,movie,The Courier,The Courier,0,2012,\N,95,"Action,Crime,Drama"
635,movie,The Unforgiven,The Unforgiven,0,2011,\N,115,Drama
636,movie,Pel√©: Birth of a Legend,Pel√©: Birth of a Legend,0,2016,\N,107,"Biography,Drama,Sport"
637,movie,The Extendables,The Extendables,0,2014,\N,84,Comedy
638,movie,Legend of the Red Reaper,Legend of the Red Reaper,0,2013,\N,99,"Action,Adventure,Fantasy"
639,movie,The Slimbones,The Slimbones,0,2014,\N,\N,Animation
640,movie,Biblioth√®que Pascal,Biblioth√®que Pascal,0,2010,\N,105,Drama
641,movie,The Experiment,The Experiment,0,2010,\N,96,"Drama,Thriller"
642,movie,Looking for the Lost Tango,Stadilaista tangoa etsim√§ss√§,0,2010,\N,90,"Documentary,Music"
643,movie,Two Knives,Two Knives,0,2011,\N,107,Action
644,movie,Straw Dogs,Straw Dogs,0,2011,\N,110,"Action,Drama,Thriller"
645,movie,Megamind,Megamind,0,2010,\N,95,"Action,Animation,Comedy"
646,tvMovie,Welcome to the Family,Welcome to the Family,0,2010,\N,\N,Reality-TV
647,movie,The Young Messiah,The Young Messiah,0,2016,\N,111,"Drama,Fantasy"
648,movie,If You Only Knew,If You Only Knew,0,2011,\N,106,Drama
649,movie,Call of Life,Call of Life,0,2010,\N,60,Documentary
650,movie,Last Breath,Last Breath,0,2010,\N,91,Horror
651,movie,The Iron Lady,The Iron Lady,0,2011,\N,105,"Biography,Drama"
652,movie,Colombian Interviews,Colombian Interviews,0,2011,\N,\N,"Drama,Thriller"
653,movie,Opal,Opal,0,2010,\N,79,Drama
654,movie,The Steamroom,The Steamroom,0,2010,\N,91,"Comedy,Drama"
655,movie,Return of the Atom,Atomin paluu,0,2015,\N,110,Documentary
656,movie,Love Sick Diaries,Love Sick Diaries,0,2010,\N,\N,Drama
657,movie,Knight and Day,Knight and Day,0,2010,\N,109,"Action,Comedy"
658,movie,Dylan Dog: Dead of Night,Dylan Dog: Dead of Night,0,2010,\N,107,"Action,Comedy,Crime"
659,movie,Alice in Wonderland,Alice in Wonderland,0,2010,\N,108,"Adventure,Family,Fantasy"
660,movie,Child 44,Child 44,0,2015,\N,137,"Crime,Drama,Thriller"
661,movie,Bad Dog and Superhero,Bad Dog and Superhero,0,2014,\N,72,Comedy
662,movie,Holy Wars,Holy Wars,0,2010,\N,84,Documentary
663,movie,Felony Murder,Felony Murder,0,2019,\N,\N,"Documentary,Drama"
664,video,The Fracktaplots,The Fracktaplots,0,2010,\N,66,Comedy
665,movie,The Sisterhood of Night,The Sisterhood of Night,0,2014,\N,104,"Drama,Mystery,Thriller"
666,movie,The Cursed,The Cursed,0,2010,\N,88,"Horror,Romance,Thriller"
667,movie,Pax,Pax,0,2010,\N,75,Drama
668,movie,Prime of Your Life,Prime of Your Life,0,2010,\N,93,"Comedy,Drama,Romance"
669,movie,Splintered,Splintered,0,2010,\N,85,"Horror,Thriller"
670,movie,The Runaways,The Runaways,0,2010,\N,106,"Biography,Drama,Music"
671,movie,The Tortured,The Tortured,0,2010,\N,79,"Horror,Thriller"
672,movie,Heart Like a Hand Grenade,Heart Like a Hand Grenade,0,2015,\N,96,Documentary
673,movie,Our Brand Is Crisis,Our Brand Is Crisis,0,2015,\N,107,"Comedy,Drama"
674,movie,Jeffie Was Here,Jeffie Was Here,0,2010,\N,110,"Adventure,Comedy"
675,movie,Deal,Deal,0,2010,\N,101,"Action,Drama"
676,movie,Selma,Selma,0,2014,\N,128,"Biography,Drama,History"
677,movie,Centurion,Centurion,0,2010,\N,97,"Action,Adventure,Drama"
678,movie,Patagonia,Patagonia,0,2010,\N,119,"Adventure,Drama"
679,movie,The Method,The Method,0,2017,\N,\N,"Drama,Mystery,Romance"
680,movie,Certified Copy,Copie conforme,0,2010,\N,106,Drama
681,movie,Takedowns and Falls,Takedowns and Falls,0,2010,\N,127,"Documentary,Sport"
682,movie,Babies,B√©b√©(s),0,2010,\N,79,Documentary
683,movie,Odd Brodsky,Odd Brodsky,0,2014,\N,93,Comedy
684,tvSeries,Di√°rio do Olivier,Di√°rio do Olivier,0,2016,2017,\N,Family
685,movie,Deer Season,Deer Season,0,2015,\N,92,Thriller
686,movie,Rising Star,Rising Star,0,2010,\N,98,Drama
687,movie,The Way Back,The Way Back,0,2010,\N,133,"Adventure,Drama,History"
688,movie,Where's My Stuff?,Where's My Stuff?,0,2011,\N,85,Comedy
689,movie,Kingshighway,Kingshighway,0,2010,\N,\N,Crime
690,movie,Programming the Nation?,Programming the Nation?,0,2011,\N,105,Documentary
691,movie,Argo,Argo,0,2012,\N,120,"Biography,Drama,Thriller"
692,movie,Session,Session,0,2011,\N,89,Drama
693,short,8 Butterflies,8 Butterflies,0,2010,\N,17,"Drama,Horror,Short"
694,movie,The People I've Slept With,The People I've Slept With,0,2012,\N,89,Comedy
695,movie,Gunned Down,Gunned Down,0,2017,\N,95,"Action,Thriller"
696,movie,Palominas,Palominas,0,2018,\N,\N,"Action,Drama,Western"
697,movie,Gemini Man,Gemini Man,0,2019,\N,\N,"Action,Drama,Sci-Fi"
698,movie,The Pardon,The Pardon,0,2013,\N,120,Crime
699,movie,Dead Americans,Dead Americans,0,2010,\N,\N,Sci-Fi
700,movie,Kill Speed,Kill Speed,0,2010,\N,113,"Action,Crime,Thriller"
701,movie,Wall Street: Money Never Sleeps,Wall Street: Money Never Sleeps,0,2010,\N,133,Drama
702,movie,Tied in Blood,Tied in Blood,0,2012,\N,88,"Drama,Horror,Mystery"
703,movie,Asylum Blackout,The Incident,0,2011,\N,85,"Horror,Thriller"
704,movie,The Magnificent Eleven,The Magnificent Eleven,0,2013,\N,91,"Comedy,Drama,Sport"
705,movie,Secretariat,Secretariat,0,2010,\N,123,"Biography,Drama,Family"
706,movie,Krrish 3,Krrish 3,0,2013,\N,152,"Action,Adventure,Sci-Fi"
707,movie,Poltergeist,Poltergeist,0,2015,\N,93,"Horror,Thriller"
708,movie,Tied to a Chair,Tied to a Chair,0,2011,\N,94,Comedy
709,short,The Small Assassin,The Small Assassin,0,2011,\N,16,"Mystery,Short,Thriller"
710,tvEpisode,Baby on Board,Baby on Board,0,2010,\N,\N,"Comedy,Romance"
711,movie,Beautiful Girl,Beautiful Girl,0,2014,\N,90,Drama
712,movie,The Warrior's Way,The Warrior's Way,0,2010,\N,100,"Action,Fantasy,Western"
713,movie,Inseparable,Xing ying bu li,0,2011,\N,97,"Drama,Mystery"
714,movie,The Descendants,The Descendants,0,2011,\N,115,"Comedy,Drama"
715,tvMiniSeries,Alias Grace,Alias Grace,0,2017,2017,60,"Biography,Crime,Drama"
716,movie,Bad Meat,Bad Meat,0,2011,\N,92,"Comedy,Horror"
717,movie,Somewhere Tonight,Somewhere Tonight,0,2011,\N,85,"Comedy,Drama,Romance"
718,movie,Iron Sky,Iron Sky,0,2012,\N,93,"Action,Comedy,Sci-Fi"
719,movie,Cold Skin,Cold Skin,0,2017,\N,108,"Adventure,Horror,Sci-Fi"
720,movie,The Eagle,The Eagle,0,2011,\N,114,"Action,Adventure,Drama"
721,movie,Suspiria,Suspiria,0,2018,\N,152,"Fantasy,Horror,Mystery"
722,movie,The Photon Effect,The Photon Effect,0,2010,\N,102,Sci-Fi
723,movie,Women's Studies,Women's Studies,0,2010,\N,96,Horror
724,movie,Cody the Robosapien,Robosapien: Rebooted,0,2013,\N,86,"Adventure,Drama,Family"
725,movie,Everyday,Everyday,0,2012,\N,106,Drama
726,tvSeries,Unterwegs in Sachsen,Unterwegs in Sachsen,0,2018,\N,30,Documentary
727,tvSeries,Unterwegs in Sachsen-Anhalt,Unterwegs in Sachsen-Anhalt,0,2016,\N,30,Documentary
728,tvSeries,Unterwegs in Th√ºringen,Unterwegs in Th√ºringen,0,2018,\N,30,Documentary
729,movie,The Book of Eli,The Book of Eli,0,2010,\N,118,"Action,Adventure,Drama"
730,videoGame,StarCraft II: Wings of Liberty,StarCraft II: Wings of Liberty,0,2010,\N,\N,"Action,Sci-Fi"
731,movie,The King of Fighters,The King of Fighters,0,2010,\N,93,"Action,Sci-Fi,Thriller"
732,movie,Legion,Legion,0,2010,\N,100,"Action,Fantasy,Horror"
733,movie,The Story of Luke,The Story of Luke,0,2012,\N,96,"Comedy,Drama"
734,movie,The Bounty Hunter,The Bounty Hunter,0,2010,\N,110,"Action,Comedy,Romance"
735,movie,Manipulation,Manipulation,0,2011,\N,90,"Drama,Thriller"
736,movie,Let the Game Begin,Let the Game Begin,0,2010,\N,110,"Comedy,Drama,Mystery"
737,movie,The Nutcracker in 3D,The Nutcracker in 3D,0,2010,\N,110,"Action,Family,Fantasy"
738,movie,Just In√®s,Just In√®s,0,2010,\N,90,Drama
739,tvMovie,Dark Island,Dark Island,0,2010,\N,87,"Action,Sci-Fi,Thriller"
740,movie,The Legend of Hercules,The Legend of Hercules,0,2014,\N,99,"Action,Adventure,Fantasy"
741,movie,Not Another B Movie,Not Another B Movie,0,2010,\N,87,Comedy
742,movie,For the Good of Others,El mal ajeno,0,2010,\N,107,"Drama,Sci-Fi,Thriller"
743,tvSeries,Titans,Titans,0,2018,\N,45,"Action,Adventure,Fantasy"
744,movie,Silver Linings Playbook,Silver Linings Playbook,0,2012,\N,122,"Comedy,Drama,Romance"
745,movie,Wasteland,Wasteland,0,2011,\N,80,"Action,Adventure,Sci-Fi"
746,movie,You and I,You and I,0,2011,\N,100,"Drama,Romance"
747,movie,Ghost Hoax,Ghost Hoax,0,2010,\N,108,"Horror,Mystery,Thriller"
748,video,Cross,Cross,0,2011,\N,105,"Action,Fantasy"
749,movie,Unfinished Song,Song for Marion,0,2012,\N,90,"Comedy,Drama,Music"
750,movie,Aaj Kal,Aaj Kal,0,2010,\N,90,"Comedy,Romance"
751,movie,Camp Hell,Camp Hell,0,2010,\N,99,"Drama,Horror"
752,movie,Caris' Peace,Caris' Peace,0,2011,\N,76,Documentary
753,movie,Parental Guidance,Parental Guidance,0,2012,\N,105,"Comedy,Family"
754,movie,Beyond the Barbed Wire: An Artist View of the Holocaust,Beyond the Barbed Wire: An Artist View of the Holocaust,0,2010,\N,68,"Documentary,War"
755,video,Einstein Pals,Einstein Pals,0,2011,\N,\N,Family
756,tvSeries,Living Biblically,Living Biblically,0,2018,2018,30,Comedy
757,movie,"Girl, Adopted","Girl, Adopted",0,2013,\N,78,"Biography,Documentary,Drama"
758,movie,Howl,Howl,0,2010,\N,84,"Biography,Drama,Romance"
759,movie,Pablo,Pablo,0,2012,\N,90,"Animation,Biography"
760,movie,Chasing Happiness,Chasing Happiness,0,2012,\N,80,Comedy
761,movie,The Singularity Is Near,The Singularity Is Near,0,2010,\N,79,"Documentary,Drama,Sci-Fi"
762,video,Boy Toy,Boy Toy,0,2011,\N,91,Comedy
763,tvSeries,The Shannara Chronicles,The Shannara Chronicles,0,2016,\N,42,"Adventure,Fantasy,Sci-Fi"
764,movie,"Havana, Habana","Havana, Habana",0,2017,\N,65,Drama
765,movie,The Portal,The Portal,0,2010,\N,86,Horror
766,movie,Ivory,Ivory,0,2010,\N,84,"Drama,Music"
767,movie,Lost Everything,Lost Everything,0,2010,\N,97,Drama
768,movie,Goosebumps,Goosebumps,0,2015,\N,103,"Adventure,Comedy,Family"
769,tvEpisode,Winter Tech,Winter Tech,0,2010,\N,\N,"Documentary,History"
770,movie,Repo Men,Repo Men,0,2010,\N,111,"Action,Crime,Sci-Fi"
771,movie,The Big Year,The Big Year,0,2011,\N,100,Comedy
772,movie,Dreams Awake,Dreams Awake,0,2011,\N,110,Drama
773,movie,One Lucky Elephant,One Lucky Elephant,0,2010,\N,84,Documentary
774,movie,House Broken,House Broken,0,2010,\N,84,Comedy
775,movie,The Best Things in the World,As Melhores Coisas do Mundo,0,2010,\N,100,"Comedy,Drama"
776,movie,Life as We Know It,Life as We Know It,0,2010,\N,114,"Comedy,Drama,Romance"
777,movie,The Dead Matter,The Dead Matter,0,2010,\N,90,"Fantasy,Horror"
778,movie,Down and Distance,Down and Distance,0,2010,\N,\N,"Family,Sport"
779,tvSeries,Pink Panther & Pals,Pink Panther & Pals,0,2010,2010,\N,"Animation,Comedy,Family"
780,tvEpisode,Episode XCII,Episode XCII,0,2017,\N,22,"Action,Adventure,Animation"
781,movie,Sophomore,Sophomore,0,2012,\N,98,Comedy
782,tvEpisode,Episode #1.5889,Episode #1.5889,0,2010,\N,\N,"Drama,Romance"
783,movie,Four Stories of St. Julian,Four Stories of St. Julian,0,2010,\N,85,"Crime,Thriller"
784,movie,Transit,Transit,0,2012,\N,88,"Action,Crime,Thriller"
785,movie,The Legend of Awesomest Maximus,The Legend of Awesomest Maximus,0,2011,\N,90,"Action,Comedy"
786,movie,Spud,Spud,0,2010,\N,103,"Comedy,Drama"
787,movie,At√© Onde?,At√© Onde?,0,2011,\N,73,"Mystery,Thriller"
788,movie,The Rogue,The Rogue,0,2019,\N,\N,"Action,Drama,Thriller"
789,movie,This Bitter Earth,This Bitter Earth,0,2012,\N,76,"Drama,Music"
790,movie,Small Town Saturday Night,Small Town Saturday Night,0,2010,\N,94,Drama
791,movie,Bare Knuckles,Bare Knuckles,0,2010,\N,90,"Action,Drama"
792,tvSeries,Queen of the South,Queen of the South,0,2016,\N,42,"Action,Crime,Drama"
793,movie,The Evolution of Dad,The Evolution of Dad,0,2010,\N,94,Documentary
794,movie,Je ne vous oublierai jamais,Je ne vous oublierai jamais,0,2010,\N,85,"Drama,History"
795,movie,Boyhood,Boyhood,0,2014,\N,165,Drama
796,movie,Costa Rica 3D,Costa Rica 3D,0,2019,\N,82,"Adventure,Documentary"
797,movie,The Ascension,The Ascension,0,2011,\N,93,"Drama,Horror"
798,movie,The Vampires of Zanzibar,The Vampires of Zanzibar,0,2010,\N,106,"Comedy,Horror,Musical"
799,movie,For Christ's Sake,For Christ's Sake,0,2010,\N,\N,Comedy
800,tvEpisode,Engineering Disasters: New Orleans,Engineering Disasters: New Orleans,0,2013,\N,\N,"Documentary,History"
801,movie,Water for Elephants,Water for Elephants,0,2011,\N,120,"Drama,Romance"
802,movie,Adult World,Adult World,0,2013,\N,97,"Comedy,Drama"
803,movie,Game of Assassins,The Gauntlet,0,2013,\N,80,"Action,Adventure,Horror"
804,movie,Monte Carlo,Monte Carlo,0,2011,\N,109,"Adventure,Comedy,Family"
805,movie,Footloose,Footloose,0,2011,\N,113,"Comedy,Drama,Music"
806,movie,Cavaliers seuls,Cavaliers seuls,0,2010,\N,\N,Documentary
807,movie,Sunburnt Angels,Sunburnt Angels,0,2011,\N,119,"Comedy,Crime"
808,movie,House of Good and Evil,House of Good and Evil,0,2013,\N,108,"Horror,Thriller"
809,movie,Midnight Son,Midnight Son,0,2011,\N,88,Horror
810,movie,The Two Deaths of Quincas Wateryell,Quincas Berro d'√Ågua,0,2010,\N,104,"Comedy,Drama"
811,movie,Habana Eva,Habana Eva,0,2010,\N,106,"Comedy,Romance"
812,tvEpisode,More Ice,More Ice,0,2015,\N,\N,"Documentary,History"
813,tvEpisode,Yard Tech,Yard Tech,0,2013,\N,\N,"Documentary,History"
814,movie,Good Intentions,Good Intentions,0,2010,\N,84,Comedy
815,movie,Elvis & Madonna,Elvis & Madona,0,2010,\N,105,"Comedy,Romance"
816,movie,The Dead Sleep,The Dead Sleep,0,2010,\N,94,"Drama,Thriller"
817,movie,The Amazing Adventures of the Living Corpse,The Amazing Adventures of the Living Corpse,0,2012,\N,88,"Action,Animation,Fantasy"
818,movie,Blood River,Blood River,0,2010,\N,93,Horror
819,movie,Ghost Rider: Spirit of Vengeance,Ghost Rider: Spirit of Vengeance,0,2011,\N,96,"Action,Fantasy,Thriller"
820,movie,Jelly,Jelly,0,2010,\N,104,"Comedy,Romance"
821,movie,From the Midst of Pain,From the Midst of Pain,0,2010,\N,\N,"Documentary,Drama"
822,movie,Winchester,Winchester,0,2018,\N,99,"Biography,Fantasy,Horror"
823,movie,Messages Deleted,Messages Deleted,0,2010,\N,92,"Mystery,Thriller"
824,movie,Buffalo Girls,Buffalo Girls,0,2012,\N,65,Documentary
825,movie,Subway Busker,Subway Busker,0,2010,\N,101,"Documentary,Music"
826,movie,The Reverend,The Reverend,0,2011,\N,98,Horror
827,movie,See You in September,See You in September,0,2010,\N,91,"Comedy,Romance"
828,tvEpisode,Coast to Coast,Coast to Coast,0,2017,\N,\N,"Action,Crime,Reality-TV"
829,movie,Troubadours,Troubadours,0,2010,\N,\N,Drama
830,tvSeries,The Passage,The Passage,0,2018,\N,\N,"Action,Adventure,Drama"
831,movie,Skyfall,Skyfall,0,2012,\N,143,"Action,Adventure,Thriller"
832,movie,Beyond the Grave,Beyond the Grave,0,2010,\N,89,"Action,Crime,Horror"
833,movie,Jonah Hex,Jonah Hex,0,2010,\N,81,"Action,Drama,Fantasy"
834,movie,The Dark Party,The Dark Party,0,2013,\N,95,"Drama,Romance"
835,movie,Underground,ASD. Alma sin due√±o,0,2010,\N,\N,\N
836,movie,The Beautiful and Damned,The Beautiful and Damned,0,2010,\N,\N,Drama
837,movie,Dark Shadows,Dark Shadows,0,2012,\N,113,"Comedy,Fantasy,Horror"
838,movie,Krews,Krews,0,2010,\N,105,"Action,Crime,Drama"
839,movie,Psychosomatika,Psychosomatika,0,2010,\N,\N,"Comedy,Drama,Mystery"
840,movie,Elimination,Elimination,0,2010,\N,87,"Action,Horror,Thriller"
841,movie,Frances: A Mother Divine,Frances: A Mother Divine,0,2010,\N,\N,Documentary
842,movie,Hauntsville,Hauntsville,0,2016,\N,\N,"Horror,Thriller"
843,movie,Hysteria,Hysteria,0,2010,\N,\N,"Horror,Thriller"
844,movie,The Girl from the Naked Eye,The Girl from the Naked Eye,0,2012,\N,84,"Action,Crime,Mystery"
845,movie,Beautiful Noise,Beautiful Noise,0,2014,\N,87,"Documentary,Music"
846,movie,Happiness Runs,Happiness Runs,0,2010,\N,88,Drama
847,movie,10 Years Later,10 Years Later,0,2010,\N,98,"Comedy,Drama"
848,movie,Jens Jensen: Harmonious World,Jens Jensen: Harmonious World,0,2010,\N,\N,Documentary
849,movie,Jerry Cotton,Jerry Cotton,0,2010,\N,90,"Action,Comedy,Crime"
